year,genre,avgRating,movieCount,rollingRating
1911,adventure,7.0,1,7.0
1911,fantasy,7.0,1,7.0
1911,horror,7.0,1,7.0
1913,crime,6.900000000000001,3,6.900000000000001
1913,fantasy,6.4,1,6.7
1913,horror,6.4,1,6.7
1913,mystery,6.9,1,6.9
1913,romance,6.4,1,6.4
1914,action,6.4,1,6.4
1914,adventure,6.75,2,6.875
1914,crime,6.633333333333333,3,6.7666666666666675
1914,fantasy,6.1,1,6.5
1914,history,7.1,1,7.1
1914,horror,6.550000000000001,2,6.650000000000001
1914,war,7.1,1,7.1
1915,action,7.3,1,6.85
1915,adventure,7.3,1,7.016666666666667
1915,biography,6.8,1,6.8
1915,crime,7.05,2,6.861111111111112
1915,mystery,7.3,1,7.1
1915,romance,6.65,2,6.525
1915,thriller,7.3,1,7.3
1915,war,6.2,1,6.65
1916,action,6.1,1,6.6000000000000005
1916,adventure,6.65,2,6.925
1916,crime,7.2,1,6.945833333333334
1916,history,7.7,1,7.4
1916,romance,6.7,1,6.583333333333333
1916,scifi,6.1,1,6.1
1917,family,6.7,1,6.7
1917,fantasy,6.7,1,6.55
1917,romance,6.7,1,6.612500000000001
1917,war,7.3,1,6.866666666666667
1918,romance,6.8,1,6.65
1918,war,6.6,1,6.8
1919,adventure,6.75,2,6.890000000000001
1919,crime,7.0,1,6.956666666666666
1919,fantasy,7.4,1,6.720000000000001
1919,history,6.533333333333334,3,7.111111111111112
1919,horror,7.7,1,6.9125000000000005
1919,romance,6.7,5,6.710000000000001
1919,scifi,7.4,1,6.75
1919,war,6.6,2,6.76
1920,action,6.7,1,6.625
1920,adventure,6.9,2,6.87
1920,crime,7.4,1,7.056666666666667
1920,fantasy,7.2,1,6.76
1920,horror,7.083333333333333,6,6.946666666666667
1920,mystery,8.0,1,7.3999999999999995
1920,romance,6.74,5,6.728
1920,scifi,6.9,1,6.8
1920,thriller,7.7,2,7.5
1920,war,6.7,1,6.68
1921,action,6.9,1,6.68
1921,adventure,6.550000000000001,2,6.83
1921,crime,6.449999999999999,2,7.0200000000000005
1921,family,7.6000000000000005,2,7.15
1921,fantasy,7.8,2,7.040000000000001
1921,history,7.3,1,7.158333333333333
1921,horror,7.8,2,7.1066666666666665
1921,mystery,6.449999999999999,2,7.1625
1921,romance,6.828571428571428,7,6.753714285714286
1921,thriller,7.199999999999999,2,7.3999999999999995
1921,war,7.2,1,6.88
1922,adventure,7.1,1,6.790000000000001
1922,biography,6.6,1,6.699999999999999
1922,crime,7.8,1,7.17
1922,family,7.05,2,7.116666666666667
1922,fantasy,7.9,1,7.4
1922,history,6.6,1,7.046666666666667
1922,horror,7.25,2,7.276666666666666
1922,mystery,7.8,1,7.289999999999999
1922,romance,6.766666666666667,6,6.767047619047619
1922,sports,6.4,1,6.4
1922,thriller,7.4,2,7.4
1923,action,8.1,1,7.0200000000000005
1923,adventure,7.3,1,6.92
1923,biography,6.8,1,6.733333333333333
1923,family,7.3,1,7.1625
1923,fantasy,6.75,2,7.410000000000001
1923,history,6.8,1,6.986666666666666
1923,horror,6.95,2,7.3566666666666665
1923,mystery,6.7,1,7.25
1923,romance,7.05,8,6.817047619047619
1923,thriller,7.949999999999999,2,7.51
1924,action,7.8999999999999995,2,7.140000000000001
1924,adventure,7.44,5,7.058
1924,crime,7.0,1,7.13
1924,family,7.4,2,7.209999999999999
1924,fantasy,7.185714285714285,7,7.3671428571428565
1924,history,7.2,1,6.886666666666666
1924,horror,6.8,2,7.176666666666667
1924,mystery,7.0,1,7.19
1924,romance,7.32,10,6.941047619047619
1924,scifi,6.7,2,6.775
1924,thriller,7.633333333333333,3,7.576666666666666
1925,action,6.6,1,7.239999999999999
1925,adventure,6.88,5,7.053999999999999
1925,crime,7.300000000000001,2,7.19
1925,family,6.2,2,7.110000000000001
1925,fantasy,5.95,2,7.117142857142857
1925,history,7.25,2,7.029999999999999
1925,horror,6.85,2,7.13
1925,mystery,6.2,1,6.83
1925,romance,7.236363636363635,11,7.040320346320345
1925,scifi,6.766666666666667,3,6.773333333333333
1925,sports,7.5,1,6.95
1925,thriller,7.45,2,7.526666666666666
1925,war,7.9,2,7.0
1926,action,7.3,5,7.359999999999999
1926,adventure,7.375,4,7.218999999999999
1926,animation,7.8,1,7.8
1926,family,7.8,1,7.15
1926,fantasy,7.949999999999999,2,7.147142857142856
1926,horror,7.75,2,7.12
1926,mystery,7.6,1,7.06
1926,romance,7.1,10,7.0946060606060595
1926,sports,7.0,1,6.966666666666666
1926,thriller,7.4,1,7.566666666666667
1926,war,7.6,2,7.2
1927,action,7.6,1,7.5
1927,adventure,6.35,2,7.069
1927,biography,7.8,2,7.0
1927,crime,7.4,2,7.19
1927,family,7.5,2,7.24
1927,fantasy,7.1,1,6.987142857142857
1927,film-noir,7.5,1,7.5
1927,history,7.8,2,7.13
1927,horror,7.166666666666667,3,7.1033333333333335
1927,mystery,7.199999999999999,2,6.9399999999999995
1927,romance,7.11875,16,7.165022727272728
1927,scifi,8.3,1,7.213333333333333
1927,sports,6.566666666666666,3,6.866666666666667
1927,thriller,6.9,5,7.466666666666667
1927,war,7.8999999999999995,2,7.459999999999999
1928,action,7.699999999999999,2,7.419999999999999
1928,adventure,7.5,1,7.109
1928,biography,8.2,1,7.24
1928,crime,6.975,4,7.295
1928,family,7.875,4,7.355000000000001
1928,fantasy,7.3,1,7.097142857142858
1928,film-noir,7.1,2,7.3
1928,history,8.1,2,7.43
1928,horror,7.5,2,7.213333333333333
1928,mystery,7.45,2,7.090000000000001
1928,romance,7.41875,16,7.238772727272727
1928,sports,6.4,1,6.773333333333333
1928,thriller,7.6,2,7.3966666666666665
1928,war,7.5,2,7.62
1929,action,7.3,1,7.3
1929,adventure,7.1,4,7.0409999999999995
1929,biography,6.1,1,7.1
1929,crime,7.183333333333334,6,7.171666666666667
1929,history,6.55,2,7.38
1929,mystery,6.3,1,6.95
1929,romance,6.78125,16,7.131022727272727
1929,scifi,7.3,1,7.193333333333333
1929,thriller,6.6,2,7.1899999999999995
1929,war,6.65,2,7.51
1930,action,7.1,1,7.4
1930,adventure,6.9,2,7.045
1930,animation,6.7,1,7.25
1930,biography,5.6,1,6.9
1930,crime,6.528571428571429,7,7.077380952380953
1930,family,7.050000000000001,2,7.284999999999999
1930,horror,6.3,1,7.113333333333332
1930,mystery,6.233333333333333,3,6.956666666666666
1930,romance,6.7823529411764705,17,7.040220588235295
1930,thriller,6.566666666666666,3,7.013333333333333
1930,war,7.1,5,7.35
1931,action,6.7,2,7.279999999999999
1931,adventure,6.800000000000001,2,6.93
1931,crime,7.010526315789473,19,7.019486215538848
1931,family,7.35,2,7.515000000000001
1931,fantasy,7.2,2,7.1
1931,film-noir,6.9,2,7.166666666666667
1931,horror,7.32,5,7.207333333333334
1931,mystery,7.1000000000000005,6,6.8566666666666665
1931,romance,6.827777777777778,36,6.985776143790849
1931,scifi,7.699999999999999,2,7.3533333333333335
1931,sports,7.3,1,6.953333333333333
1931,thriller,7.325,4,6.998333333333333
1931,war,7.2,1,7.2700000000000005
1932,action,6.840000000000001,5,7.128
1932,adventure,6.685714285714285,7,6.997142857142856
1932,biography,6.5,1,6.840000000000001
1932,crime,6.86,15,6.911486215538848
1932,family,7.3,2,7.415000000000001
1932,fantasy,6.94,5,7.298
1932,film-noir,7.3500000000000005,6,7.2125
1932,history,6.65,2,7.2700000000000005
1932,horror,6.561538461538461,13,6.969641025641026
1932,mystery,6.318181818181818,11,6.68030303030303
1932,romance,6.8694444444444445,36,6.935915032679739
1932,scifi,6.550000000000001,4,7.323333333333333
1932,sports,6.866666666666667,3,6.826666666666666
1932,thriller,6.685714285714285,7,6.95547619047619
1932,war,7.050000000000001,4,7.1
1933,action,6.3999999999999995,3,6.868
1933,adventure,6.720000000000001,5,6.841142857142858
1933,biography,6.7,2,6.62
1933,crime,6.816666666666666,12,6.87981954887218
1933,family,6.65,4,7.245
1933,fantasy,6.35,2,6.978
1933,history,6.3,1,7.08
1933,horror,6.557142857142857,7,6.847736263736263
1933,mystery,6.572727272727272,11,6.504848484848485
1933,romance,6.725,36,6.797165032679739
1933,scifi,6.7,4,7.31
1933,thriller,6.5200000000000005,5,6.739476190476191
1933,war,6.75,6,6.95
1934,action,6.1000000000000005,7,6.628
1934,adventure,6.722222222222222,9,6.765587301587301
1934,biography,6.659999999999999,5,6.311999999999999
1934,crime,6.69,10,6.781152882205514
1934,family,7.06,5,7.081999999999999
1934,fantasy,6.966666666666666,3,6.9513333333333325
1934,film-noir,5.5,1,6.87
1934,history,6.883333333333333,6,6.8966666666666665
1934,horror,5.300000000000001,2,6.407736263736264
1934,mystery,6.609999999999999,10,6.566848484848485
1934,romance,6.651282051282051,39,6.771171442936149
1934,scifi,3.7,1,6.39
1934,thriller,6.9,5,6.79947619047619
1934,war,6.7,7,6.959999999999999
1935,action,7.300000000000001,2,6.668000000000001
1935,adventure,6.94,10,6.773587301587303
1935,biography,7.1,2,6.5120000000000005
1935,crime,7.028571428571429,14,6.881152882205514
1935,family,6.866666666666667,6,7.045333333333334
1935,fantasy,6.6000000000000005,6,6.811333333333333
1935,film-noir,6.85,2,6.74
1935,history,7.45,6,6.7666666666666675
1935,horror,6.857142857142857,7,6.519164835164835
1935,mystery,6.864285714285714,14,6.693038961038961
1935,romance,6.939534883720929,43,6.802607831445042
1935,scifi,7.133333333333333,3,6.3566666666666665
1935,thriller,6.983333333333333,6,6.882809523809525
1935,war,6.525,4,6.845000000000001
1936,action,6.75,4,6.678
1936,adventure,6.381818181818182,11,6.689950937950938
1936,biography,6.975,4,6.787000000000001
1936,crime,6.614285714285714,14,6.801904761904763
1936,family,6.890000000000001,10,6.953333333333333
1936,fantasy,6.433333333333334,3,6.6579999999999995
1936,film-noir,7.066666666666666,3,6.7333333333333325
1936,history,6.68,5,6.792666666666666
1936,horror,6.028571428571429,7,6.260879120879121
1936,mystery,6.7153846153846155,13,6.616115884115883
1936,romance,6.902500000000001,40,6.8175522758894855
1936,scifi,6.757142857142857,7,6.168095238095238
1936,sports,6.5,1,6.726666666666667
1936,thriller,7.0,7,6.817809523809524
1936,war,6.7,5,6.745
1937,action,6.75,2,6.659999999999999
1937,adventure,7.085714285714286,14,6.769950937950938
1937,animation,7.65,2,7.383333333333333
1937,biography,6.75,2,6.837000000000001
1937,crime,6.8875,16,6.8074047619047615
1937,family,7.333333333333333,9,6.960000000000001
1937,fantasy,7.366666666666667,6,6.743333333333334
1937,film-noir,7.057142857142857,7,6.7647619047619045
1937,history,6.68,5,6.798666666666667
1937,mystery,6.990909090909091,11,6.750661338661338
1937,romance,7.005128205128205,39,6.844689028026236
1937,sports,7.35,2,6.883333333333333
1937,thriller,6.74,10,6.828666666666668
1937,war,6.775,4,6.69
1938,action,7.366666666666667,3,6.8533333333333335
1938,adventure,6.640000000000001,5,6.753950937950938
1938,biography,6.82,5,6.861
1938,crime,7.011111111111111,9,6.84629365079365
1938,family,6.685714285714285,7,6.967142857142856
1938,fantasy,7.0,2,6.873333333333333
1938,film-noir,7.4,2,6.774761904761904
1938,history,7.266666666666667,3,6.992
1938,mystery,6.75,6,6.786115884115884
1938,romance,6.961290322580646,31,6.891947092542367
1938,sports,6.6,1,6.923333333333334
1938,thriller,7.35,4,6.9946666666666655
1938,war,7.375,4,6.815
1939,action,6.514285714285714,7,6.936190476190477
1939,adventure,7.088235294117647,17,6.827153552330023
1939,animation,6.6,1,7.1875
1939,biography,7.05,6,6.939
1939,crime,6.905263157894736,19,6.889346282372598
1939,family,6.7700000000000005,10,6.909142857142856
1939,fantasy,7.466666666666666,3,6.973333333333334
1939,film-noir,7.0,5,7.074761904761904
1939,history,6.781818181818181,11,6.9716969696969695
1939,horror,6.1625,8,6.181071428571428
1939,mystery,6.825,12,6.829115884115884
1939,romance,7.0864864864864865,37,6.978987979583254
1939,scifi,6.075,4,6.073095238095238
1939,sports,6.85,2,6.833333333333333
1939,thriller,6.907692307692307,13,6.996205128205128
1939,war,6.93076923076923,13,6.8611538461538455
1940,action,7.042857142857143,7,6.884761904761905
1940,adventure,6.75625,16,6.790403552330024
1940,animation,7.6,2,7.2700000000000005
1940,biography,6.775,8,6.874
1940,crime,6.5625,16,6.796131996658312
1940,family,7.055555555555555,9,6.946920634920635
1940,fantasy,6.714285714285714,7,6.996190476190476
1940,film-noir,7.1499999999999995,6,7.134761904761905
1940,history,6.8,6,6.8416969696969705
1940,horror,6.055555555555555,9,6.080753968253968
1940,mystery,6.7875,16,6.813758741258741
1940,romance,6.914893617021277,47,6.974059726243323
1940,scifi,6.1375,8,5.960595238095238
1940,sports,6.766666666666667,3,6.813333333333333
1940,thriller,6.8090909090909095,11,6.961356643356643
1940,war,7.040000000000001,10,6.964153846153846
1941,action,6.971428571428571,7,6.929047619047618
1941,adventure,6.8,14,6.874039915966387
1941,animation,6.966666666666666,3,7.1033333333333335
1941,biography,6.82,5,6.843000000000001
1941,crime,6.780952380952381,21,6.829465329991645
1941,family,7.0,7,6.968920634920634
1941,fantasy,7.233333333333333,6,7.156190476190476
1941,film-noir,7.0307692307692315,13,7.127582417582419
1941,history,6.88,5,6.88169696969697
1941,horror,6.236363636363635,11,6.268026695526695
1941,mystery,6.895652173913043,23,6.849812252964428
1941,romance,6.914545454545455,55,6.976468817152414
1941,scifi,6.574999999999999,4,6.535595238095238
1941,sports,6.8,1,6.873333333333333
1941,thriller,6.8625,16,6.933856643356643
1941,war,6.884615384615385,13,7.001076923076923
1942,action,6.583333333333333,12,6.895714285714286
1942,adventure,6.6,15,6.776897058823529
1942,animation,7.3,1,7.223333333333334
1942,biography,7.3999999999999995,3,6.973000000000001
1942,crime,6.629411764705883,17,6.777847682932821
1942,family,7.24,5,6.9502539682539695
1942,fantasy,6.775,4,7.037857142857144
1942,film-noir,6.811111111111111,9,7.078376068376069
1942,horror,5.6125,8,6.019098124098123
1942,mystery,6.533333333333333,15,6.758297101449275
1942,romance,6.957894736842104,38,6.967022123495194
1942,scifi,5.025,4,6.113928571428572
1942,sports,7.433333333333333,3,6.890000000000001
1942,thriller,6.565,20,6.898856643356643
1942,war,6.87,20,7.020076923076923
1943,action,6.6125,8,6.744880952380951
1943,adventure,6.7124999999999995,8,6.791397058823529
1943,biography,7.4,2,7.089
1943,crime,7.1,5,6.795625460710601
1943,family,6.675,4,6.9481111111111105
1943,fantasy,6.925,8,7.022857142857143
1943,film-noir,6.866666666666667,6,6.9717094017094015
1943,history,6.825,8,6.91069696969697
1943,horror,6.1909090909090905,11,6.051565656565655
1943,mystery,6.815384615384615,13,6.771374024526199
1943,romance,6.8,32,6.934764058979065
1943,scifi,5.4,2,5.842499999999999
1943,thriller,6.858823529411764,17,6.800621349238996
1943,war,6.771875,32,6.8994519230769225
1944,action,6.271428571428571,7,6.696309523809523
1944,adventure,6.516666666666667,12,6.677083333333333
1944,animation,6.3,1,6.953333333333333
1944,biography,6.983333333333333,6,7.075666666666666
1944,crime,6.681818181818182,22,6.750936465495289
1944,family,6.866666666666667,6,6.967444444444444
1944,fantasy,6.3999999999999995,12,6.80952380952381
1944,film-noir,7.18125,16,7.007959401709402
1944,history,6.966666666666666,6,6.850696969696969
1944,horror,5.9,13,5.999065656565657
1944,mystery,6.875862068965517,29,6.781546438319301
1944,romance,6.680555555555555,36,6.8535778727928784
1944,scifi,5.633333333333333,6,5.754166666666666
1944,sports,7.3,1,7.029999999999999
1944,thriller,6.93,20,6.805082887700534
1944,war,7.008333333333333,24,6.914964743589744
1945,action,6.375,4,6.562738095238094
1945,adventure,6.5181818181818185,11,6.629469696969696
1945,biography,6.728571428571429,7,7.066380952380953
1945,crime,6.852631578947368,19,6.808962781284762
1945,family,7.15,4,6.986333333333333
1945,fantasy,6.75,8,6.8166666666666655
1945,film-noir,6.923809523809524,21,6.962721306471306
1945,history,6.3999999999999995,3,6.774333333333334
1945,horror,6.733333333333333,6,6.134621212121212
1945,mystery,6.707407407407407,27,6.765527919800784
1945,romance,6.9263157894736835,38,6.85586230728336
1945,scifi,5.7,1,5.666666666666666
1945,thriller,6.895652173913043,23,6.822395140664962
1945,war,6.8999999999999995,12,6.886964743589743
1946,action,6.3,3,6.428452380952382
1946,adventure,6.62,10,6.593469696969697
1946,animation,6.6,2,6.953333333333333
1946,biography,6.76,5,7.054380952380953
1946,crime,6.711428571428572,35,6.795058019380001
1946,family,6.95,8,6.976333333333334
1946,fantasy,7.571428571428571,7,6.884285714285714
1946,film-noir,6.90625,32,6.937817460317461
1946,history,7.0,1,6.814333333333333
1946,horror,6.05,6,6.097348484848484
1946,mystery,6.860714285714286,28,6.758540342161032
1946,romance,7.093181818181819,44,6.891589580010633
1946,sports,6.5,1,6.959999999999999
1946,thriller,6.726470588235294,34,6.7951892583120195
1946,war,7.1692307692307695,13,6.9438878205128205
1947,action,6.32,5,6.375785714285714
1947,adventure,6.6692307692307695,13,6.607315850815851
1947,animation,6.9,2,6.813333333333333
1947,crime,6.954761904761905,42,6.860128047391205
1947,family,6.9,8,6.908333333333334
1947,fantasy,6.966666666666667,9,6.922619047619048
1947,film-noir,7.023809523809524,42,6.980357142857143
1947,history,6.55,2,6.748333333333332
1947,mystery,6.8,23,6.811873675494366
1947,romance,6.8478260869565215,46,6.869575850033516
1947,sports,7.199999999999999,2,7.046666666666667
1947,thriller,7.050000000000001,26,6.892189258312021
1947,war,6.6,1,6.88988782051282
1948,action,6.925,8,6.438285714285714
1948,adventure,6.8,10,6.6248158508158514
1948,animation,6.5,2,6.720000000000001
1948,biography,6.25,4,6.824380952380953
1948,crime,7.095833333333334,24,6.859294714057872
1948,family,6.7875,8,6.930833333333334
1948,fantasy,6.928571428571429,7,6.923333333333334
1948,film-noir,6.989999999999999,30,7.00502380952381
1948,history,7.2,2,6.823333333333333
1948,horror,6.566666666666666,3,6.288181818181817
1948,mystery,7.114285714285714,14,6.871653895274585
1948,romance,6.837777777777777,45,6.877131405589071
1948,scifi,7.05,2,5.761666666666667
1948,sports,5.2,1,6.726666666666667
1948,thriller,7.096,25,6.939624552429668
1948,war,7.166666666666667,6,6.968846153846154
1949,action,6.8999999999999995,7,6.564
1949,adventure,6.577777777777778,9,6.637038073038073
1949,animation,6.75,2,6.610000000000001
1949,biography,7.1,1,6.764380952380952
1949,crime,6.9105263157894745,38,6.9050363408521305
1949,family,6.909090909090909,11,6.939318181818182
1949,fantasy,7.0,6,7.043333333333334
1949,film-noir,6.99,40,6.96677380952381
1949,history,7.033333333333334,3,6.836666666666668
1949,horror,6.966666666666666,3,6.443333333333333
1949,mystery,6.928571428571429,14,6.882195767195766
1949,romance,6.914285714285714,42,6.923877437335103
1949,scifi,6.6000000000000005,3,6.076666666666666
1949,sports,7.05,6,6.65
1949,thriller,7.008333333333333,24,6.955291219096334
1949,war,7.045454545454546,11,6.9762703962703965
1950,action,6.8,7,6.648999999999999
1950,adventure,6.618181818181818,11,6.657038073038073
1950,animation,7.3,1,6.81
1950,biography,6.94,5,6.755714285714285
1950,crime,7.034146341463414,41,6.941339293355339
1950,family,6.6000000000000005,8,6.8293181818181825
1950,fantasy,7.38,5,7.1693333333333324
1950,film-noir,7.0125,40,6.984511904761905
1950,history,6.85,4,6.926666666666667
1950,mystery,6.953333333333333,15,6.931380952380953
1950,romance,6.969767441860465,43,6.9325677678124595
1950,scifi,5.6,2,6.116666666666666
1950,sports,7.1,2,6.609999999999999
1950,thriller,6.990625,32,6.974285784313726
1950,war,6.4125000000000005,8,6.878770396270395
1951,action,6.199999999999999,13,6.629
1951,adventure,6.205882352941177,17,6.574214543626309
1951,animation,7.3,1,6.95
1951,biography,6.866666666666667,6,6.783333333333333
1951,crime,6.778571428571429,28,6.954767864783911
1951,family,6.472727272727273,11,6.733863636363637
1951,fantasy,6.6125,8,6.97754761904762
1951,film-noir,6.983333333333333,24,6.999928571428572
1951,history,6.4,2,6.806666666666667
1951,horror,5.96,5,6.455333333333333
1951,mystery,6.825,4,6.9242380952380955
1951,romance,6.792857142857143,42,6.872502832747524
1951,scifi,5.945454545454544,11,6.179090909090909
1951,sports,5.7,5,6.45
1951,thriller,6.886363636363637,22,7.006264393939395
1951,war,6.8,16,6.804924242424242
1952,action,6.733333333333333,9,6.711666666666666
1952,adventure,6.62,20,6.564368389780155
1952,biography,6.8125,8,6.793833333333334
1952,crime,6.919047619047619,21,6.947625007641055
1952,family,6.328571428571428,7,6.619577922077921
1952,fantasy,6.825,4,6.949214285714286
1952,film-noir,6.975,20,6.990166666666665
1952,history,6.557142857142857,7,6.808095238095238
1952,horror,5.666666666666667,3,6.241999999999999
1952,mystery,6.8875,8,6.941738095238096
1952,romance,6.85813953488372,43,6.874565522332963
1952,scifi,4.7,5,5.979090909090909
1952,sports,6.933333333333334,3,6.3966666666666665
1952,thriller,6.983333333333333,18,6.992931060606059
1952,war,6.51,10,6.786924242424243
1953,action,6.55,8,6.636666666666666
1953,adventure,6.2823529411764705,17,6.460838978015448
1953,animation,6.75,2,6.92
1953,biography,6.6000000000000005,3,6.863833333333334
1953,crime,6.8950000000000005,20,6.907458340974388
1953,family,6.357142857142857,7,6.5335064935064935
1953,fantasy,6.571428571428571,7,6.877785714285714
1953,film-noir,6.929411764705883,17,6.978049019607843
1953,history,6.622222222222223,9,6.6925396825396835
1953,horror,5.5249999999999995,12,6.136999999999999
1953,mystery,6.609999999999999,10,6.840880952380952
1953,romance,6.716666666666666,48,6.850343300110741
1953,scifi,5.214285714285714,14,5.611948051948052
1953,sports,6.6,2,6.676666666666667
1953,thriller,6.92608695652174,23,6.958948451910409
1953,war,6.753846153846154,13,6.70436013986014
1954,action,6.672727272727273,11,6.591212121212121
1954,adventure,6.5249999999999995,24,6.450283422459893
1954,animation,7.2,1,7.06
1954,biography,6.7,5,6.783833333333334
1954,crime,6.722727272727273,22,6.869898532361947
1954,family,6.866666666666667,3,6.525021645021646
1954,fantasy,6.65,4,6.807785714285714
1954,film-noir,6.457142857142857,14,6.871477591036415
1954,history,6.8125,8,6.648373015873015
1954,horror,5.65,10,5.953666666666667
1954,mystery,6.363636363636363,11,6.727893939393939
1954,romance,6.751063829787234,47,6.817698923211045
1954,scifi,5.699999999999999,9,5.431948051948051
1954,thriller,6.6380952380952385,21,6.88490083286279
1954,war,6.683333333333334,6,6.6319358974358975
1955,action,6.409999999999999,10,6.513212121212121
1955,adventure,6.2375,16,6.374147058823529
1955,animation,7.3,1,7.17
1955,biography,6.95,14,6.785833333333334
1955,crime,6.968421052631579,38,6.856753474595581
1955,family,7.0,10,6.605021645021646
1955,fantasy,6.65,8,6.661785714285715
1955,film-noir,6.852173913043478,23,6.839412373645109
1955,history,6.866666666666666,15,6.651706349206348
1955,horror,5.680000000000001,15,5.6963333333333335
1955,mystery,6.95,12,6.727227272727272
1955,romance,6.8545454545454545,55,6.794654525748044
1955,scifi,5.386666666666667,15,5.389281385281385
1955,sports,6.800000000000001,2,6.626666666666667
1955,thriller,6.932,25,6.87317583286279
1955,war,6.953333333333333,15,6.740102564102564
1956,action,6.688888888888888,9,6.610989898989898
1956,adventure,6.375,24,6.407970588235294
1956,animation,7.5,1,7.209999999999999
1956,biography,6.6,10,6.7325
1956,crime,6.4222222222222225,27,6.785483633325738
1956,family,7.133333333333333,6,6.737142857142857
1956,fantasy,5.942857142857143,7,6.527857142857144
1956,film-noir,6.641176470588236,17,6.770981001096091
1956,history,6.300000000000001,9,6.6317063492063495
1956,horror,5.753333333333333,15,5.655
1956,mystery,6.485714285714286,7,6.659370129870129
1956,romance,6.626666666666666,45,6.761416430509948
1956,scifi,5.641176470588236,17,5.328425770308123
1956,sports,7.5,2,6.706666666666666
1956,thriller,6.545833333333333,24,6.805069772256729
1956,war,6.747619047619047,21,6.729626373626374
1957,action,6.373684210526315,19,6.5390600744284955
1957,adventure,6.485714285714286,28,6.381113445378151
1957,animation,7.5,1,7.25
1957,biography,6.8,10,6.7299999999999995
1957,crime,6.81764705882353,17,6.765203521280921
1957,family,6.609999999999999,10,6.793428571428571
1957,fantasy,5.791666666666667,12,6.321190476190476
1957,film-noir,6.975,8,6.770981001096091
1957,history,6.971428571428571,7,6.714563492063492
1957,horror,5.236666666666666,30,5.569
1957,mystery,7.283333333333334,6,6.738536796536796
1957,romance,6.808108108108108,37,6.751410145154826
1957,scifi,5.241379310344827,29,5.436701632377089
1957,sports,6.9,1,6.946666666666667
1957,thriller,6.510714285714286,28,6.71054596273292
1957,war,6.869230769230769,26,6.8014725274725265
1958,action,6.8538461538461535,13,6.5998293051977255
1958,adventure,5.816666666666666,18,6.28797619047619
1958,animation,7.5,1,7.4
1958,biography,7.2,6,6.85
1958,crime,6.776,25,6.741403521280921
1958,family,6.32,5,6.786
1958,fantasy,6.477777777777778,9,6.3024603174603175
1958,film-noir,7.05,8,6.795098648154914
1958,history,6.811111111111111,9,6.75234126984127
1958,horror,5.38,35,5.540000000000001
1958,mystery,6.425,8,6.701536796536797
1958,romance,6.7566037735849065,53,6.759397566538473
1958,scifi,5.03125,32,5.400094489519946
1958,sports,7.0,1,6.960000000000001
1958,thriller,6.368181818181818,22,6.598964935064936
1958,war,6.8875,24,6.828203296703296
1959,action,5.928571428571429,14,6.450998136366557
1959,adventure,6.199999999999999,26,6.22297619047619
1959,animation,7.2,1,7.4
1959,biography,6.585714285714286,7,6.827142857142857
1959,crime,6.82,25,6.760858066735468
1959,family,6.292307692307692,13,6.6711282051282055
1959,fantasy,5.93,10,6.158460317460317
1959,history,6.908333333333334,12,6.771507936507936
1959,horror,5.278125,32,5.465625
1959,mystery,6.9941176470588236,17,6.827633053221288
1959,romance,6.860975609756098,41,6.781379922532247
1959,scifi,4.996,25,5.259294489519946
1959,thriller,6.293103448275862,29,6.529966577101059
1959,war,7.1875,24,6.92903663003663
1960,action,6.959999999999999,5,6.560998136366557
1960,adventure,6.473333333333333,15,6.270142857142857
1960,biography,7.166666666666667,9,6.870476190476191
1960,crime,6.7375,32,6.714673856209151
1960,family,6.614285714285715,7,6.593985347985348
1960,fantasy,6.155555555555555,9,6.059571428571429
1960,history,7.040000000000001,10,6.806174603174602
1960,horror,6.188,25,5.567225
1960,mystery,7.0,13,6.837633053221287
1960,romance,6.657500000000001,40,6.741970831623155
1960,scifi,5.246153846153846,13,5.231191925417382
1960,sports,7.05,2,7.05
1960,thriller,6.753846153846154,26,6.494335807870291
1960,war,7.241666666666667,12,6.986703296703297
1961,action,5.9399999999999995,10,6.411220358588778
1961,adventure,5.984210526315789,19,6.191984962406014
1961,animation,7.699999999999999,2,7.4799999999999995
1961,biography,6.85,4,6.920476190476191
1961,crime,7.214285714285714,14,6.873086554621848
1961,family,6.818181818181818,11,6.5309550449550455
1961,fantasy,6.166666666666667,12,6.104333333333334
1961,history,6.685714285714285,7,6.883317460317461
1961,horror,5.542857142857143,21,5.525129761904762
1961,mystery,6.8307692307692305,13,6.906644042232277
1961,romance,6.935135135135136,37,6.80366452531685
1961,scifi,4.971428571428571,14,5.097242345585449
1961,sports,7.533333333333334,3,7.196666666666667
1961,thriller,6.534999999999999,20,6.4921691412036235
1961,war,7.577777777777778,9,7.152735042735043
1962,action,6.76,15,6.488483516483517
1962,adventure,6.42962962962963,27,6.180768031189084
1962,animation,6.933333333333334,3,7.366666666666665
1962,biography,7.2625,8,7.0129761904761905
1962,crime,7.223076923076923,13,6.954172527472528
1962,family,6.522222222222222,9,6.5133994893994895
1962,fantasy,6.128571428571428,14,6.171714285714286
1962,history,6.866666666666667,12,6.8623650793650794
1962,horror,5.905882352941177,17,5.658972899159664
1962,mystery,6.966666666666666,12,6.843310708898943
1962,romance,6.841176470588235,34,6.810278197812875
1962,scifi,5.923076923076923,13,5.233581868131868
1962,sports,7.133333333333333,3,7.123333333333333
1962,thriller,7.014285714285715,21,6.5928834269179095
1962,war,7.125,16,7.203888888888889
1963,action,6.8999999999999995,14,6.497714285714285
1963,adventure,6.800000000000001,26,6.37743469785575
1963,animation,7.1,1,7.286666666666666
1963,biography,6.666666666666667,3,6.906309523809523
1963,crime,6.9625,16,6.991472527472527
1963,family,6.7153846153846155,13,6.592476412476413
1963,fantasy,6.5375,8,6.18365873015873
1963,history,7.1,10,6.920142857142858
1963,horror,5.9111111111111105,27,5.765195121381886
1963,mystery,6.73125,16,6.904560708898944
1963,romance,6.882051282051282,39,6.8353676995061505
1963,scifi,5.5307692307692315,13,5.333485714285715
1963,sports,4.7,2,6.6833333333333345
1963,thriller,6.713636363636363,22,6.66197433600882
1963,war,6.990909090909091,11,7.224570707070707
1964,action,7.084999999999999,20,6.728999999999999
1964,adventure,6.424137931034483,29,6.422262284062647
1964,animation,6.5,2,7.086666666666666
1964,biography,7.75,2,7.139166666666666
1964,crime,6.907692307692307,26,7.009010989010989
1964,family,6.609999999999999,10,6.656014874014874
1964,fantasy,6.09,10,6.21565873015873
1964,history,7.109999999999999,10,6.96047619047619
1964,horror,6.104,25,5.930370121381886
1964,mystery,6.917647058823529,17,6.889266591251885
1964,romance,6.845238095238095,42,6.832220196602551
1964,scifi,5.735714285714286,14,5.481428571428571
1964,thriller,7.0103448275862075,29,6.805422611870888
1964,war,7.095454545454545,22,7.2061616161616175
1965,action,6.5760000000000005,25,6.652199999999999
1965,adventure,6.525806451612904,31,6.432756907718561
1965,biography,7.05,4,7.115833333333333
1965,crime,6.643478260869566,23,6.990206641184902
1965,family,7.014285714285714,7,6.736014874014875
1965,fantasy,6.0875,8,6.202047619047619
1965,history,6.777777777777778,9,6.908031746031746
1965,horror,5.375,20,5.767770121381886
1965,mystery,6.65,16,6.819266591251885
1965,romance,7.1225,40,6.92522019660255
1965,scifi,5.138888888888889,18,5.4599755799755805
1965,sports,6.4,2,6.563333333333334
1965,thriller,6.7266666666666675,30,6.799986714434991
1965,war,7.254545454545454,22,7.208737373737374
1966,action,5.931578947368421,38,6.650515789473684
1966,adventure,6.090476190476191,42,6.454010040550642
1966,animation,6.45,2,6.936666666666666
1966,biography,7.133333333333333,6,7.172499999999999
1966,crime,6.3517241379310345,29,6.817694325913966
1966,family,6.526666666666667,15,6.677711843711843
1966,fantasy,6.1625,8,6.201214285714285
1966,history,7.2,12,7.010888888888888
1966,horror,5.5307692307692315,26,5.765352538964303
1966,mystery,6.214285714285714,14,6.695969887955182
1966,romance,6.758823529411765,34,6.889957875457876
1966,scifi,5.416,25,5.548889865689866
1966,sports,6.45,2,6.443333333333333
1966,thriller,5.948387096774193,31,6.68266413378983
1966,war,6.942105263157895,19,7.081602870813397
1967,action,6.392592592592592,27,6.577034307992203
1967,adventure,6.242857142857143,35,6.4166555431961445
1967,animation,6.933333333333333,3,6.783333333333333
1967,biography,7.1,4,7.140000000000001
1967,crime,6.6866666666666665,30,6.710412274631915
1967,family,5.792307692307692,13,6.531728937728938
1967,fantasy,5.8533333333333335,15,6.146166666666667
1967,history,7.328571428571429,7,7.1032698412698405
1967,horror,5.665217391304348,23,5.717219546636938
1967,mystery,6.2444444444444445,18,6.551525443510738
1967,romance,6.768571428571429,35,6.875436867054513
1967,scifi,5.616666666666666,18,5.487607814407815
1967,sports,2.3,1,5.3966666666666665
1967,thriller,6.351612903225806,31,6.550129571577848
1967,war,7.009090909090909,11,7.058421052631578
1968,action,6.4739130434782615,23,6.4918169166878545
1968,adventure,6.425806451612903,31,6.341816833518725
1968,animation,6.875,4,6.7716666666666665
1968,biography,7.06,5,7.218666666666667
1968,crime,6.383333333333334,30,6.594578941298582
1968,family,6.507142857142857,14,6.490080586080586
1968,fantasy,6.358333333333333,12,6.110333333333333
1968,history,6.76,10,7.035269841269842
1968,horror,6.238888888888889,18,5.782775102192494
1968,mystery,6.414285714285714,14,6.488132586367881
1968,romance,6.520588235294118,34,6.803144257703082
1968,scifi,5.861538461538462,13,5.553761660561661
1968,sports,4.866666666666667,3,4.943333333333333
1968,thriller,6.34516129032258,31,6.47643455691509
1968,war,6.75,12,7.01023923444976
1969,action,6.116216216216216,37,6.298060159931099
1969,adventure,6.405555555555555,36,6.338100358422939
1969,animation,6.949999999999999,2,6.741666666666665
1969,biography,7.125,8,7.093666666666667
1969,crime,6.723333333333333,30,6.557707146426786
1969,family,6.461538461538462,13,6.460388278388278
1969,fantasy,6.540000000000001,10,6.200333333333333
1969,history,6.8538461538461535,13,6.984039072039072
1969,horror,5.725,16,5.7069751021924935
1969,mystery,6.6000000000000005,12,6.424603174603175
1969,romance,6.663157894736842,38,6.7667282176028305
1969,scifi,5.676923076923076,13,5.542003418803419
1969,sports,4.7,3,4.943333333333333
1969,thriller,6.3,28,6.33436559139785
1969,war,6.747368421052631,19,6.9406220095693785
1970,action,6.35,26,6.252860159931098
1970,adventure,6.366666666666666,30,6.3062724014336915
1970,animation,6.9,2,6.821666666666667
1970,biography,6.5625,8,6.9961666666666655
1970,crime,6.526666666666667,30,6.5343448275862075
1970,family,7.016666666666667,12,6.460864468864469
1970,fantasy,6.347058823529412,17,6.252245098039216
1970,history,6.792307692307692,13,6.986945054945055
1970,horror,5.8999999999999995,33,5.811975102192493
1970,mystery,6.38125,16,6.370853174603175
1970,romance,6.707894736842105,38,6.683807164971252
1970,scifi,5.246153846153846,13,5.56345641025641
1970,sports,6.9,1,5.043333333333334
1970,thriller,6.5606060606060606,33,6.301153470185728
1970,war,6.895833333333333,24,6.868879585326954
1971,action,6.55,38,6.376544370457414
1971,adventure,6.604,25,6.408977163338453
1971,animation,6.85,4,6.901666666666666
1971,biography,7.375,8,7.044499999999999
1971,crime,6.841304347826087,46,6.632260869565218
1971,family,6.5928571428571425,14,6.474102564102564
1971,fantasy,6.607142857142857,14,6.341173669467787
1971,history,7.1499999999999995,14,6.976945054945054
1971,horror,5.633962264150944,53,5.832613708868836
1971,mystery,6.538709677419354,31,6.435737967229903
1971,romance,6.956666666666666,30,6.723375792422232
1971,scifi,5.323076923076924,13,5.544871794871795
1971,sports,6.2,2,4.993333333333334
1971,thriller,6.5321428571428575,56,6.417904622259461
1971,war,7.0125,16,6.882958532695374
1972,action,6.755813953488372,43,6.449188642636569
1972,adventure,6.65483870967742,31,6.491373476702509
1972,animation,6.6000000000000005,3,6.835000000000001
1972,biography,6.877777777777777,9,7.000055555555555
1972,crime,6.558928571428572,56,6.606713250517598
1972,family,6.405555555555555,18,6.596752136752135
1972,fantasy,5.957142857142857,7,6.361935574229692
1972,history,6.855555555555556,9,6.8823418803418805
1972,horror,5.774545454545455,55,5.854479321517057
1972,mystery,6.4222222222222225,45,6.471293522785457
1972,romance,6.836111111111111,36,6.736883728930169
1972,scifi,5.586666666666667,15,5.5388717948717945
1972,sports,6.433333333333334,3,5.82
1972,thriller,6.372,75,6.421982041614299
1972,war,7.1375,8,6.908640350877192
1973,action,6.389090909090909,55,6.432224215759099
1973,adventure,6.434615384615385,26,6.493135263303006
1973,animation,7.3,7,6.92
1973,biography,7.033333333333333,9,6.994722222222222
1973,crime,6.77936507936508,63,6.685919599723948
1973,family,6.67,10,6.629323565323565
1973,fantasy,6.8133333333333335,15,6.452935574229693
1973,history,6.8375,8,6.897841880341881
1973,horror,5.7673469387755105,49,5.760170931494382
1973,mystery,6.676470588235294,17,6.523730497575374
1973,romance,6.696774193548387,31,6.772120920581022
1973,scifi,5.885,20,5.543564102564103
1973,sports,6.14,5,6.074666666666667
1973,thriller,6.473846153846154,65,6.447719014319015
1973,war,6.720000000000001,5,6.902640350877194
1974,action,6.473584905660378,53,6.503697953647931
1974,adventure,6.644,25,6.5408241521918935
1974,animation,6.2,3,6.7700000000000005
1974,biography,7.175,4,7.004722222222222
1974,crime,6.6947368421052635,57,6.680200301478334
1974,family,6.554545454545454,11,6.6479249639249645
1974,fantasy,6.5,17,6.444935574229691
1974,history,7.222222222222222,9,6.971517094017093
1974,horror,5.662790697674419,43,5.747729071029266
1974,mystery,6.720000000000001,20,6.547730497575374
1974,romance,6.576666666666667,30,6.754822674966988
1974,scifi,5.93076923076923,13,5.594333333333333
1974,sports,6.1,2,6.354666666666667
1974,thriller,6.456140350877193,57,6.478947084494453
1974,war,7.733333333333333,6,7.099833333333334
1975,action,6.294594594594595,37,6.492616872566851
1975,adventure,6.696296296296297,27,6.6067500781178214
1975,animation,6.966666666666666,3,6.783333333333333
1975,biography,6.92,10,7.076222222222222
1975,crime,6.408510638297872,47,6.656569095804575
1975,family,6.833333333333333,12,6.611258297258297
1975,fantasy,6.659999999999999,10,6.507523809523809
1975,history,7.01,10,7.015055555555556
1975,horror,5.806896551724138,29,5.729108381374093
1975,mystery,6.5120000000000005,25,6.573880497575374
1975,romance,6.75,34,6.763243727598566
1975,scifi,5.93076923076923,13,5.731256410256409
1975,sports,7.1,4,6.394666666666668
1975,thriller,6.39375,48,6.44557587237324
1975,war,7.314285714285715,14,7.18352380952381
1976,action,6.267567567567568,37,6.4361303860803645
1976,adventure,6.3136363636363635,22,6.548677350845094
1976,animation,6.966666666666666,3,6.806666666666667
1976,biography,7.824999999999999,4,7.166222222222221
1976,crime,6.611363636363635,44,6.610580953512084
1976,family,6.978947368421053,19,6.688476342371078
1976,fantasy,6.3933333333333335,15,6.464761904761905
1976,history,7.3,11,7.045055555555555
1976,horror,5.644444444444444,36,5.731204817432793
1976,mystery,6.492857142857143,28,6.564709990662932
1976,romance,6.723333333333333,30,6.7165770609318995
1976,scifi,4.92,10,5.6506410256410255
1976,sports,6.975,4,6.549666666666667
1976,thriller,6.34516129032258,62,6.408179559009184
1976,war,6.75,16,7.131023809523809
1977,action,6.166666666666667,33,6.318300928716023
1977,adventure,6.2075000000000005,40,6.4592096089096085
1977,animation,7.066666666666666,6,6.9
1977,biography,5.933333333333334,6,6.977333333333332
1977,crime,6.27,30,6.55279523922637
1977,family,6.673333333333333,15,6.742031897926634
1977,fantasy,6.521052631578947,19,6.577543859649123
1977,history,7.4,5,7.153944444444446
1977,horror,5.416326530612245,49,5.659561032646151
1977,mystery,6.32,20,6.5442655462184876
1977,romance,6.586206896551724,29,6.666596218020023
1977,scifi,5.485714285714286,21,5.630450549450549
1977,sports,6.1571428571428575,7,6.494428571428571
1977,thriller,6.242553191489361,47,6.382290197307057
1977,war,6.592307692307693,13,7.021985347985348
1978,action,6.408108108108108,37,6.322104368519463
1978,adventure,6.088461538461539,26,6.38997883967884
1978,animation,6.866666666666667,6,6.813333333333333
1978,biography,7.35,4,7.040666666666667
1978,crime,6.637931034482759,29,6.524508430249907
1978,family,6.4,11,6.688031897926635
1978,fantasy,6.213333333333334,15,6.457543859649123
1978,history,6.7625,8,7.138944444444445
1978,horror,5.638461538461539,39,5.633783952583357
1978,mystery,6.196428571428571,28,6.448257142857143
1978,romance,6.657500000000001,40,6.658741379310345
1978,scifi,5.491666666666667,24,5.551783882783882
1978,sports,6.1899999999999995,10,6.504428571428571
1978,thriller,6.193181818181818,44,6.3261573301741905
1978,war,6.81,10,7.039985347985349
1979,action,6.234,50,6.2741873873873875
1979,adventure,6.155882352941177,34,6.292355310267075
1979,animation,7.475,4,7.068333333333333
1979,biography,7.1,5,7.025666666666666
1979,crime,6.645945945945946,37,6.514750251018043
1979,family,6.8500000000000005,12,6.747122807017544
1979,fantasy,6.08,10,6.373543859649123
1979,history,7.075,8,7.1095
1979,horror,5.621212121212121,33,5.625468237290898
1979,mystery,6.095833333333334,24,6.32342380952381
1979,romance,6.533333333333333,42,6.650074712643677
1979,scifi,5.748387096774193,31,5.515307455984876
1979,sports,6.681818181818182,11,6.620792207792208
1979,thriller,5.961224489795919,49,6.227174157957935
1979,war,6.457142857142857,14,6.784747252747254
1980,action,6.233333333333333,45,6.261935135135135
1980,adventure,6.120930232558139,43,6.177282097519443
1980,animation,7.233333333333333,3,7.121666666666667
1980,biography,6.9818181818181815,11,7.038030303030302
1980,crime,6.4575000000000005,40,6.524548123358469
1980,family,6.2846153846153845,13,6.6373792172739545
1980,fantasy,5.915789473684211,19,6.224701754385965
1980,history,7.442857142857143,7,7.196071428571429
1980,horror,5.451785714285714,56,5.5544460698032125
1980,mystery,6.053846153846154,26,6.231793040293041
1980,romance,6.552380952380952,42,6.6105509031198695
1980,scifi,5.5375,32,5.436653609831029
1980,sports,7.116666666666667,6,6.624125541125541
1980,thriller,5.913114754098361,61,6.131047108777608
1980,war,7.333333333333333,9,6.788556776556777
1981,action,6.434146341463415,41,6.295250889914305
1981,adventure,6.543589743589743,39,6.22327277351012
1981,animation,7.366666666666666,9,7.201666666666666
1981,biography,7.014285714285714,7,6.875887445887446
1981,crime,6.653658536585366,41,6.533007103402814
1981,family,6.9,15,6.621589743589743
1981,fantasy,6.4,16,6.226035087719298
1981,history,7.0,12,7.136071428571429
1981,horror,5.45223880597015,67,5.516004942108354
1981,mystery,6.055555555555555,27,6.144332722832724
1981,romance,6.591666666666666,48,6.584217569786536
1981,scifi,5.666666666666667,27,5.585986943164363
1981,sports,6.62,5,6.553125541125541
1981,thriller,6.078461538461539,65,6.0777071584054
1981,war,6.945454545454546,11,6.827647685647686
1982,action,6.139130434782608,46,6.289743643537493
1982,adventure,6.112121212121211,33,6.204197015934362
1982,animation,7.188888888888889,9,7.226111111111111
1982,biography,7.442857142857143,7,7.177792207792207
1982,crime,6.425,32,6.564007103402814
1982,family,6.833333333333333,12,6.653589743589744
1982,fantasy,6.111111111111111,18,6.144046783625731
1982,history,7.44,10,7.144071428571429
1982,horror,5.45,56,5.522739635985905
1982,mystery,6.132258064516129,31,6.106784335735949
1982,romance,6.607142857142857,42,6.588404761904762
1982,scifi,5.867741935483871,31,5.662392473118279
1982,sports,6.3999999999999995,6,6.601696969696969
1982,thriller,6.053846153846154,52,6.039965750876759
1982,war,7.0,5,6.909186147186148
1983,action,5.748076923076923,52,6.157737406531256
1983,adventure,5.853658536585366,41,6.157236415559128
1983,animation,6.985714285714286,7,7.249920634920635
1983,biography,7.279999999999999,10,7.163792207792207
1983,crime,6.347916666666666,48,6.506004229839595
1983,family,6.970000000000001,10,6.767589743589744
1983,fantasy,5.677272727272728,22,6.03683466241361
1983,history,7.075,12,7.206571428571429
1983,horror,5.389473684210526,38,5.472942065135702
1983,mystery,6.004545454545454,22,6.068407712359325
1983,romance,6.359259259259259,54,6.528756613756613
1983,scifi,5.6625,32,5.696559139784947
1983,sports,6.216666666666666,6,6.607030303030302
1983,thriller,6.053571428571429,56,6.012043672954681
1983,war,6.716666666666666,12,6.890519480519481
1984,action,5.8500000000000005,58,6.080937406531256
1984,adventure,6.05,38,6.136059944970892
1984,animation,7.7,3,7.294920634920635
1984,biography,7.58,5,7.2597922077922075
1984,crime,6.365714285714286,35,6.449957897793264
1984,family,7.144444444444444,9,6.826478632478631
1984,fantasy,5.8875,24,5.99833466241361
1984,history,7.2875,8,7.249071428571429
1984,horror,5.476923076923077,39,5.444084256277893
1984,mystery,6.066666666666666,18,6.062574379025991
1984,romance,6.359677419354839,62,6.494025430960915
1984,scifi,5.83953488372093,43,5.714788697174294
1984,sports,6.720000000000001,5,6.6146666666666665
1984,thriller,5.963492063492064,63,6.012497187693909
1984,war,6.4071428571428575,14,6.88051948051948
1985,action,6.033846153846154,65,6.04103997063382
1985,adventure,6.103571428571429,56,6.1325881841735495
1985,animation,6.827272727272727,11,7.2137085137085135
1985,biography,6.959999999999999,10,7.255428571428571
1985,crime,6.357777777777779,45,6.430013453348819
1985,family,6.3304347826086955,23,6.835642512077295
1985,fantasy,6.064102564102564,39,6.027997280497281
1985,history,6.36,5,7.032500000000001
1985,horror,5.736111111111111,36,5.500949335642973
1985,mystery,6.178260869565217,23,6.087457322169804
1985,romance,6.515625,64,6.486674240484724
1985,scifi,6.142424242424242,33,5.835773545659142
1985,sports,6.2,5,6.431333333333333
1985,thriller,6.04406779661017,59,6.038687796196271
1985,war,6.433333333333334,12,6.70051948051948
1986,action,5.878873239436619,71,5.929985350228462
1986,adventure,6.184,50,6.060670235455602
1986,animation,7.1625,16,7.172875180375181
1986,biography,6.566666666666666,9,7.165904761904761
1986,crime,6.326923076923077,52,6.364666361416361
1986,family,6.790909090909091,22,6.813824330259112
1986,fantasy,6.335483870967742,31,6.015094054690829
1986,history,7.111111111111111,9,7.054722222222222
1986,horror,5.536734693877551,49,5.517848513224453
1986,mystery,6.280952380952381,21,6.13253668724917
1986,romance,6.418333333333334,60,6.452007573818058
1986,scifi,5.848837209302325,43,5.8722076541862736
1986,sports,6.109090909090909,11,6.329151515151516
1986,thriller,6.1046875,64,6.043932988503963
1986,war,6.793333333333334,15,6.6700952380952385
1987,action,5.713043478260869,69,5.8447679589241135
1987,adventure,5.707692307692308,39,5.9797844545698196
1987,animation,6.788888888888889,9,7.092875180375179
1987,biography,7.3,8,7.137333333333333
1987,crime,6.28923076923077,65,6.337512515262516
1987,family,5.982352941176471,17,6.6436282518277405
1987,fantasy,5.846666666666668,45,5.96220516580194
1987,history,7.442857142857143,7,7.055293650793651
1987,horror,5.501351351351351,74,5.528118783494723
1987,mystery,5.874074074074074,27,6.080899889160759
1987,romance,6.507142857142857,70,6.4320075738180575
1987,scifi,5.404761904761905,42,5.779611648041881
1987,sports,6.3,4,6.309151515151515
1987,thriller,5.995555555555556,90,6.032274868845844
1987,war,6.825,12,6.6350952380952375
1988,action,5.933802816901409,71,5.88191313768901
1988,adventure,5.902325581395349,43,5.989517863531818
1988,animation,7.171428571428572,14,7.130018037518037
1988,biography,6.890000000000001,10,7.059333333333333
1988,crime,6.4265625,64,6.353241681929182
1988,family,6.429411764705883,17,6.535510604768918
1988,fantasy,6.376595744680851,47,6.102069769283565
1988,history,6.942857142857143,7,7.028865079365079
1988,horror,5.494186046511628,86,5.5490612559549435
1988,mystery,6.275862068965517,29,6.135163212044771
1988,romance,6.3,78,6.420155721966205
1988,scifi,5.352380952380953,42,5.717587838518071
1988,sports,6.07,10,6.2798181818181815
1988,thriller,6.203571428571429,84,6.062274868845844
1988,war,6.291666666666667,12,6.550095238095238
1989,action,5.974390243902438,82,5.906791186469498
1989,adventure,6.06938775510204,49,5.993395414552225
1989,animation,6.921428571428572,14,6.9743037518037525
1989,biography,6.664285714285714,14,6.876190476190476
1989,crime,6.263888888888889,72,6.332876602564103
1989,family,6.616666666666666,18,6.429955049213362
1989,fantasy,6.021951219512196,41,6.1289600131860045
1989,history,7.164285714285714,14,7.004222222222222
1989,horror,5.228985507246377,69,5.499473742019604
1989,mystery,5.961904761904762,21,6.11421083109239
1989,romance,6.328787878787878,66,6.413977813852813
1989,scifi,5.525,40,5.654680861773885
1989,sports,5.9692307692307685,13,6.129664335664335
1989,thriller,6.021951219512196,82,6.07396670004987
1989,war,7.123529411764705,17,6.6933725490196085
1990,action,5.83764705882353,85,5.867551367464973
1990,adventure,6.418918918918919,37,6.056464912621723
1990,animation,6.585714285714286,7,6.925992063492063
1990,biography,7.43076923076923,13,6.970344322344322
1990,crime,6.3728395061728405,81,6.335888948243115
1990,family,5.816666666666666,18,6.327201426024955
1990,fantasy,5.74,35,6.064139500365491
1990,history,7.275,8,7.187222222222222
1990,horror,5.4125,64,5.4347515197973815
1990,mystery,6.2318181818181815,22,6.124922293542983
1990,romance,6.40483870967742,62,6.391820555788298
1990,scifi,5.262162162162162,37,5.478628445721469
1990,sports,5.325,12,5.954664335664336
1990,thriller,6.119540229885057,87,6.089061186704848
1990,war,6.653333333333333,15,6.737372549019608
1991,action,5.87710843373494,83,5.867198406324637
1991,adventure,6.181818181818182,44,6.05602854898536
1991,animation,6.788888888888889,9,6.851269841269842
1991,biography,7.12,10,7.081010989010989
1991,crime,6.385294117647058,68,6.347563156387912
1991,family,6.409090909090909,22,6.250837789661319
1991,fantasy,5.836842105263158,38,5.964411147224575
1991,history,7.222222222222222,9,7.209444444444445
1991,horror,5.1625,40,5.359904581021871
1991,mystery,6.088461538461539,26,6.086424125044815
1991,romance,6.414736842105263,95,6.391101257542684
1991,scifi,5.541463414634146,41,5.417153686787833
1991,sports,6.2444444444444445,9,5.981735042735043
1991,thriller,6.020253164556962,79,6.0721743196162405
1991,war,6.383333333333333,6,6.655372549019607
1992,action,6.214084507042253,71,5.967406612080914
1992,adventure,6.286206896551724,29,6.171731466757243
1992,animation,6.390909090909091,11,6.771673881673881
1992,biography,6.811764705882353,17,6.98336393018746
1992,crime,6.588,75,6.407317002541757
1992,family,6.264705882352941,17,6.3073083778966135
1992,fantasy,6.283333333333333,36,6.0517444805579075
1992,history,6.7272727272727275,11,7.066327561327562
1992,horror,5.510810810810811,37,5.361796472913763
1992,mystery,5.896,25,6.09080931023
1992,romance,6.551041666666666,96,6.399881019447446
1992,scifi,5.6952380952380945,21,5.475248924883071
1992,sports,6.293333333333334,15,5.9804017094017095
1992,thriller,6.15421686746988,83,6.103906581999104
1992,war,7.128571428571428,7,6.716086834733893
1993,action,6.090322580645161,93,5.998710564829665
1993,adventure,5.997222222222223,36,6.190710794922618
1993,animation,7.3307692307692305,13,6.803542013542014
1993,biography,7.325,20,7.07036393018746
1993,crime,6.137974683544304,79,6.3495994392506185
1993,family,5.884848484848485,33,6.1983957219251336
1993,fantasy,6.3931818181818185,44,6.055061695258101
1993,history,7.1499999999999995,12,7.1077561327561325
1993,horror,5.470588235294118,34,5.357076910670261
1993,mystery,6.233333333333333,36,6.082303563103563
1993,romance,6.483908045977012,87,6.436662628642848
1993,scifi,5.478378378378378,37,5.500448410082556
1993,sports,6.6,9,6.08640170940171
1993,thriller,6.056603773584905,106,6.0745130510018
1993,war,7.05,6,6.86775350140056
1994,action,5.9313253012048195,83,5.990097576290141
1994,adventure,5.84,50,6.14483324390221
1994,animation,6.707142857142857,14,6.760684870684871
1994,biography,6.7700000000000005,20,7.091506787330317
1994,crime,6.321126760563381,71,6.361047013585517
1994,family,5.782222222222222,45,6.031506833036245
1994,fantasy,5.914285714285715,35,6.033528594212805
1994,history,6.8625,8,7.04739898989899
1994,horror,5.755172413793104,29,5.462314291979606
1994,mystery,6.234615384615385,26,6.136845687645687
1994,romance,6.460952380952381,105,6.463095529075749
1994,scifi,5.34074074074074,27,5.463596558230704
1994,sports,5.729411764705882,17,6.038437908496732
1994,thriller,6.052272727272728,88,6.080577352553906
1994,war,7.188888888888889,9,6.880825396825396
1995,action,5.98659793814433,97,6.0198877521543
1995,adventure,6.2956521739130435,46,6.120179894901034
1995,animation,7.375,12,6.918542013542013
1995,biography,6.718181818181819,11,6.9489893048128355
1995,crime,6.438095238095237,84,6.3740981599699955
1995,family,6.0725,40,6.082673499702912
1995,fantasy,6.167647058823529,34,6.119058005977511
1995,history,6.95,12,6.982398989898991
1995,horror,5.388372093023255,43,5.457488710584258
1995,mystery,6.57037037037037,27,6.204556125356126
1995,romance,6.458181818181818,110,6.473764150776629
1995,scifi,5.538888888888889,36,5.518941903576049
1995,sports,6.3,5,6.2334379084967315
1995,thriller,6.0622807017543865,114,6.069125446927773
1995,war,6.869230769230769,13,6.9240048840048845
1996,action,5.9447368421052635,76,6.033413433828366
1996,adventure,6.117647058823529,51,6.107345670302104
1996,animation,6.51,10,6.862764235764236
1996,biography,6.763636363636365,11,6.877716577540108
1996,crime,6.358227848101266,79,6.368684906060838
1996,family,5.65483870967742,31,5.931823059820213
1996,fantasy,6.0600000000000005,40,6.163689584924879
1996,history,6.738461538461538,13,6.885646853146852
1996,horror,5.336666666666667,30,5.492322043917591
1996,mystery,6.424137931034483,29,6.271691403870714
1996,romance,6.392622950819672,122,6.46934137251951
1996,scifi,5.463157894736842,38,5.503280799596589
1996,sports,5.88,15,6.160549019607843
1996,thriller,6.014423076923077,104,6.067959429400995
1996,war,7.135714285714286,14,7.074481074481075
1997,action,6.065979381443299,97,6.003792408708574
1997,adventure,5.877083333333334,48,6.0255209576584265
1997,animation,7.133333333333333,12,7.011249084249084
1997,biography,7.06875,16,6.9291136363636365
1997,crime,6.324742268041237,97,6.316033359669085
1997,family,5.638235294117647,34,5.806528942173154
1997,fantasy,5.889655172413794,29,6.084953952740972
1997,history,6.947368421052632,19,6.9296659919028345
1997,horror,5.632142857142857,28,5.516588453184
1997,mystery,6.694871794871795,39,6.4314657628450735
1997,romance,6.426618705035971,139,6.44445678019337
1997,scifi,5.962162162162162,37,5.556665612981402
1997,sports,6.663636363636363,11,6.234609625668449
1997,thriller,6.241071428571429,112,6.085330341621305
1997,war,7.128571428571428,14,7.074481074481073
1998,action,6.031764705882353,85,5.992080833756013
1998,adventure,6.05,50,6.036076513213981
1998,animation,6.876923076923077,13,6.920479853479854
1998,biography,6.857142857142857,14,6.835542207792209
1998,crime,6.442452830188679,106,6.37692898899796
1998,family,5.7558823529411764,34,5.7807357157916925
1998,fantasy,6.2631578947368425,38,6.058949168051976
1998,history,6.99,10,6.897665991902834
1998,horror,5.180952380952381,42,5.458661282315653
1998,mystery,6.171111111111111,45,6.419021318400628
1998,romance,6.5829931972789115,147,6.464273810453752
1998,scifi,5.869696969696969,33,5.634929331245121
1998,sports,5.79,10,6.0726096256684485
1998,thriller,6.10650406504065,123,6.095310399912454
1998,war,7.421428571428571,14,7.14876678876679
1999,action,5.930681818181818,88,5.991952137151412
1999,adventure,6.199999999999999,42,6.108076513213981
1999,animation,6.4875,16,6.876551282051283
1999,biography,7.094117647058823,17,6.900365737203972
1999,crime,6.382022471910112,89,6.389108131267307
1999,family,5.785714285714286,28,5.781434128490106
1999,fantasy,5.923684210526315,38,6.0608288673000965
1999,history,6.534999999999999,20,6.8321659919028335
1999,horror,5.688888888888889,36,5.44540457733481
1999,mystery,6.458536585365854,41,6.463805558550723
1999,romance,6.289189189189189,148,6.429921172101112
1999,scifi,5.480487804878049,41,5.662878744072581
1999,sports,6.4,10,6.206727272727273
1999,thriller,6.1499999999999995,126,6.114855854457909
1999,war,6.768421052631578,19,7.064673221515326
2000,action,5.815909090909091,88,5.957814367704366
2000,adventure,6.08125,48,6.065196078431372
2000,animation,6.413043478260869,23,6.684159977703456
2000,biography,6.790909090909091,22,6.914911191749427
2000,crime,6.065486725663717,113,6.314586428781002
2000,family,5.6923076923076925,26,5.7053956669516435
2000,fantasy,5.847058823529411,51,5.996711220241272
2000,history,7.152941176470588,17,6.8727542271969515
2000,horror,5.494642857142857,56,5.46665873015873
2000,mystery,6.027272727272727,55,6.355186029931194
2000,romance,6.343502824858756,177,6.4069853734365
2000,scifi,5.5975,40,5.674600966294804
2000,sports,6.46,15,6.238727272727273
2000,thriller,5.829411764705882,136,6.068282067048207
2000,war,7.152631578947369,19,7.121353383458647
2001,action,6.0271317829457365,129,5.97429335587246
2001,adventure,5.885185185185185,54,6.018703703703704
2001,animation,6.852173913043478,23,6.752594760312152
2001,biography,6.552631578947368,19,6.872710234811628
2001,crime,6.250413223140495,121,6.293023503788848
2001,family,6.0,30,5.77442792501616
2001,fantasy,6.166071428571429,56,6.017925505955558
2001,history,6.5375,16,6.832561919504644
2001,horror,5.1461538461538465,52,5.4285561660561665
2001,mystery,6.038461538461538,65,6.278050751416605
2001,romance,6.407909604519774,177,6.410042704176521
2001,scifi,5.732608695652174,46,5.728491126477871
2001,sports,6.1450000000000005,20,6.2917272727272735
2001,thriller,5.980851063829787,141,6.06156766442955
2001,war,6.593333333333334,30,7.012877192982456
2002,action,5.910489510489511,143,5.9431953816817025
2002,adventure,6.126865671641791,67,6.068660171365394
2002,animation,6.605263157894737,19,6.646980725224433
2002,biography,7.121052631578948,19,6.883170761127417
2002,crime,6.3125984251968505,127,6.290594735219971
2002,family,6.021052631578947,38,5.850991392508421
2002,fantasy,6.075,44,6.054994471472799
2002,history,7.315384615384615,13,6.90616515837104
2002,horror,5.439344262295082,61,5.389996447086611
2002,mystery,6.381690140845071,71,6.2154144206112605
2002,romance,6.187564766839379,193,6.362231916537202
2002,scifi,5.67906976744186,43,5.67187264753381
2002,sports,5.760000000000001,15,6.111
2002,thriller,6.003296703296702,182,6.014012719374604
2002,war,6.842424242424243,33,6.955647755753018
2003,action,6.117557251908397,131,5.960353890886911
2003,adventure,6.1535714285714285,84,6.089374457079681
2003,animation,6.527777777777778,18,6.577151665395372
2003,biography,6.752631578947369,19,6.862268505488321
2003,crime,6.410924369747899,119,6.284289043131814
2003,family,5.776190476190476,42,5.85505301715828
2003,fantasy,6.176190476190476,42,6.037600987763527
2003,history,6.638461538461538,13,6.835857466063348
2003,horror,5.513793103448276,58,5.45656459158579
2003,mystery,6.183018867924528,53,6.217795971973944
2003,romance,6.283908045977012,174,6.302414886276822
2003,scifi,5.677777777777778,36,5.633488809149973
2003,sports,6.373333333333333,15,6.227666666666667
2003,thriller,6.127044025157233,159,6.018120711397922
2003,war,6.542857142857143,21,6.779933470038733
2004,action,6.022012578616352,159,5.978620042973818
2004,adventure,6.032926829268293,82,6.05595982293334
2004,animation,6.425806451612903,31,6.564812955717953
2004,biography,6.892592592592592,27,6.8219634945950745
2004,crime,6.328828828828829,111,6.273650314515558
2004,family,5.837209302325581,43,5.865352020480539
2004,fantasy,5.822950819672131,61,6.017454309592689
2004,history,6.942105263157895,19,6.917278518694927
2004,horror,5.24,90,5.366786813808012
2004,mystery,6.178481012658228,79,6.161784857432418
2004,romance,6.361471861471862,231,6.3168714207333565
2004,scifi,5.653333333333333,60,5.66805791484103
2004,sports,6.695833333333333,24,6.286833333333333
2004,thriller,6.013636363636364,198,5.990847984125194
2004,war,6.56,35,6.7382492595124175
2005,action,5.835211267605634,142,5.982480478313127
2005,adventure,5.8862499999999995,80,6.016959822933339
2005,animation,6.676190476190476,21,6.617442355303874
2005,biography,7.060714285714285,28,6.875924533556113
2005,crime,6.293333333333334,135,6.319219636049482
2005,family,5.991803278688525,61,5.925251137756705
2005,fantasy,5.795833333333333,72,6.007209211553475
2005,history,6.827999999999999,25,6.8522902834008095
2005,horror,5.024545454545455,110,5.272767333288533
2005,mystery,6.1547368421052635,95,6.187277680398926
2005,romance,6.162380952380952,210,6.280647046237795
2005,scifi,5.314,50,5.6113579148410295
2005,sports,6.324242424242424,33,6.259681818181819
2005,thriller,5.874866310160427,187,5.999938893216102
2005,war,6.771875,32,6.6620979437229435
2006,action,5.878723404255319,141,5.952798802575043
2006,adventure,5.96969696969697,99,6.033862179835696
2006,animation,6.248837209302326,43,6.496775014555643
2006,biography,6.730555555555556,36,6.9115093288777505
2006,crime,6.313286713286713,143,6.331794334078724
2006,family,5.8338983050847455,59,5.892030798773655
2006,fantasy,5.998876404494382,89,5.973770206738064
2006,history,6.772413793103448,29,6.8992730420215
2006,horror,4.96865671641791,134,5.237267907341345
2006,mystery,5.942105263157894,95,6.168006425338197
2006,romance,6.307373271889401,217,6.260539779711721
2006,scifi,5.788524590163934,61,5.622541093743381
2006,sports,6.023529411764706,34,6.235387700534759
2006,thriller,5.824705882352941,255,5.968709856920734
2006,war,6.524137931034482,29,6.648258863263173
2007,action,5.982738095238095,168,5.96724851952476
2007,adventure,5.918681318681319,91,5.992225309243602
2007,animation,6.576086956521739,46,6.490939774281044
2007,biography,6.982051282051282,39,6.883709058972217
2007,crime,6.26927374301676,179,6.323129397642707
2007,family,6.054545454545455,66,5.898729363366956
2007,fantasy,5.916666666666667,84,5.942103540071398
2007,history,6.6720930232558135,43,6.770614723595739
2007,horror,5.336912751677852,149,5.216781605217899
2007,mystery,6.283505154639175,97,6.148369428097018
2007,romance,6.260663507109005,211,6.275159527765647
2007,scifi,5.659183673469388,49,5.618563874948887
2007,sports,5.863333333333333,30,6.2560543672014255
2007,thriller,5.920973782771536,267,5.9522452728157
2007,war,6.608510638297873,47,6.6014761424379005
2008,action,6.009770114942529,174,5.945691092131585
2008,adventure,5.7868686868686865,99,5.918884760903053
2008,animation,6.371052631578947,38,6.459594745041278
2008,biography,6.902631578947369,38,6.913709058972218
2008,crime,6.243786982248521,169,6.289701920142832
2008,family,5.861111111111111,54,5.9157134903510835
2008,fantasy,5.7370370370370365,81,5.85427285224071
2008,history,6.8769230769230765,39,6.818307031288046
2008,horror,5.2,132,5.154022984528243
2008,mystery,5.934065934065934,91,6.098578841325299
2008,romance,6.203809523809523,210,6.2591398233321485
2008,scifi,5.469014084507043,71,5.576811136294739
2008,sports,6.195,20,6.22038770053476
2008,thriller,5.895736434108527,258,5.905983754605958
2008,war,6.454761904761905,42,6.5838570948188515
2009,action,5.8651741293532345,201,5.914323402278962
2009,adventure,5.958333333333333,108,5.903966061716061
2009,animation,6.473170731707317,41,6.469067601060161
2009,biography,6.797674418604651,43,6.894725424174629
2009,crime,6.244910179640719,167,6.27291819030521
2009,family,6.135185185185185,54,5.975308666923004
2009,fantasy,5.878640776699029,103,5.86541084364609
2009,history,6.568421052631579,38,6.743570189182783
2009,horror,5.171779141104294,163,5.140378812749103
2009,mystery,6.1456140350877195,114,6.092005445811198
2009,romance,6.146188340807175,223,6.216083119199211
2009,scifi,5.750588235294118,85,5.596262116686897
2009,sports,6.1863636363636365,22,6.1184937611408206
2009,thriller,5.752264808362369,287,5.8537094435511605
2009,war,6.463333333333334,30,6.564523761485519
2010,action,5.9775700934579445,214,5.942795167449424
2010,adventure,6.069662921348315,89,5.940648645985725
2010,animation,6.590000000000001,40,6.451829505822066
2010,biography,6.561538461538461,52,6.794890259339463
2010,crime,6.167065868263474,167,6.247664697291237
2010,family,6.06949152542373,59,5.990846316270046
2010,fantasy,6.035616438356165,73,5.913367464650657
2010,history,6.715909090909091,44,6.721152007364601
2010,horror,5.082835820895522,134,5.152036886019116
2010,mystery,5.977777777777778,90,6.0566136329457
2010,romance,6.280616740088106,227,6.239730276740643
2010,scifi,5.617567567567567,74,5.65697563020041
2010,sports,6.227777777777778,18,6.099200831847891
2010,thriller,5.729285714285714,280,5.824593324376218
2010,war,6.225,32,6.455148761485518
2011,action,5.8748837209302325,215,5.942027230784406
2011,adventure,5.876991150442478,113,5.922107482134827
2011,animation,6.331818181818182,44,6.468425700325237
2011,biography,6.626190476190477,42,6.7740172434664485
2011,crime,6.144117647058824,136,6.2138308840456595
2011,family,6.173239436619719,71,6.05871454257704
2011,fantasy,5.768235294117647,85,5.86723924257531
2011,history,6.2700000000000005,40,6.620669248743913
2011,horror,4.909937888198757,161,5.140293120375285
2011,mystery,6.019148936170212,94,6.072022367548164
2011,romance,6.2594594594594595,222,6.230147514254654
2011,scifi,5.561038961038961,77,5.611478504375415
2011,sports,6.272413793103448,29,6.148977708115639
2011,thriller,5.796629213483146,267,5.818977990602258
2011,war,6.15,40,6.380321175278622
2012,action,5.775233644859814,214,5.90052634070875
2012,adventure,5.920512820512821,117,5.922473782501127
2012,animation,6.330188679245283,53,6.419246044869945
2012,biography,6.805555555555555,36,6.738718098167302
2012,crime,6.1345029239766085,171,6.186876720237629
2012,family,5.816666666666666,60,6.0111387850012825
2012,fantasy,6.038888888888889,90,5.8916836870197535
2012,history,6.55,40,6.596250644092748
2012,horror,4.947513812154696,181,5.062413332470654
2012,mystery,5.8319587628865985,97,5.981713089197648
2012,romance,6.24037558685446,213,6.226089930203744
2012,scifi,5.456976744186047,86,5.571037118518747
2012,sports,6.463636363636363,22,6.269038314176245
2012,thriller,5.741538461538462,325,5.783090926355643
2012,war,6.412820512820512,39,6.34118315018315
2013,action,5.7486274509803925,255,5.848297807916323
2013,adventure,5.914598540145985,137,5.948019753156586
2013,animation,6.6038461538461535,52,6.465804749323387
2013,biography,6.72,65,6.702191782377829
2013,crime,6.2601092896174855,183,6.190141181711422
2013,family,6.2126760563380286,71,6.081451774046666
2013,fantasy,5.871428571428571,91,5.91856199389806
2013,history,6.820689655172414,29,6.585003959742616
2013,horror,4.976219512195122,164,5.017657234909679
2013,mystery,6.027272727272727,110,6.0003544478390065
2013,romance,6.27119341563786,243,6.239566708569412
2013,scifi,5.648598130841122,107,5.606953927785563
2013,sports,6.71304347826087,23,6.372647009828419
2013,thriller,5.798319327731092,357,5.763607505080157
2013,war,6.595833333333334,24,6.369397435897436
2014,action,5.809615384615385,260,5.837186058968753
2014,adventure,5.995454545454545,132,5.955443995580829
2014,animation,6.626829268292683,41,6.49653645664046
2014,biography,6.754411764705883,68,6.693539251598075
2014,crime,6.1135,200,6.163859145783279
2014,family,6.126984126984127,63,6.079811562406454
2014,fantasy,5.831818181818182,88,5.909197474921891
2014,history,6.698245614035088,57,6.610968872023318
2014,horror,5.001015228426396,197,4.983504452374099
2014,mystery,5.776190476190476,126,5.926469736059559
2014,romance,6.110566037735849,265,6.232442247955147
2014,scifi,5.452678571428572,112,5.547371995012453
2014,sports,6.356,25,6.406574282555691
2014,thriller,5.702331606217617,386,5.7536208646512055
2014,war,6.723255813953489,43,6.4213819320214665
2015,action,5.760311284046693,257,5.793734297086504
2015,adventure,6.0302816901408445,142,5.947567749339334
2015,animation,6.516326530612245,49,6.481801762762909
2015,biography,6.75625,80,6.732481559290383
2015,crime,6.0568862275449105,167,6.141823217639566
2015,family,6.197333333333334,75,6.105379923988375
2015,fantasy,5.886111111111112,108,5.879296409472881
2015,history,6.620634920634921,63,6.591914037968484
2015,horror,5.024770642201835,218,4.971891416635361
2015,mystery,5.733088235294118,136,5.877531827562826
2015,romance,6.192181069958848,243,6.214755113929295
2015,scifi,5.495726495726496,117,5.52300378064424
2015,sports,6.635,20,6.488018727000136
2015,thriller,5.658638743455497,382,5.739491470485163
2015,war,6.257777777777778,45,6.427937487577023
2016,action,5.7727272727272725,297,5.773303007445912
2016,adventure,5.893006993006994,143,5.950770917852238
2016,animation,6.5618181818181816,55,6.527801762762908
2016,biography,6.808045977011494,87,6.768852659454586
2016,crime,6.138,200,6.140599688227801
2016,family,6.288571428571428,70,6.128446322378717
2016,fantasy,5.793636363636363,110,5.884376623376623
2016,history,6.56923076923077,52,6.651760191814638
2016,horror,4.97117903930131,229,4.984139646855872
2016,mystery,5.77828947368421,152,5.829359935065626
2016,romance,6.2106557377049185,244,6.204994369578387
2016,scifi,5.302542372881356,118,5.471304463012719
2016,sports,6.566666666666667,39,6.54686930171278
2016,thriller,5.725,420,5.725165627788533
2016,war,6.349056603773585,53,6.46774880833174
2017,action,5.880981595092025,326,5.794452597492354
2017,adventure,5.8803921568627455,153,5.942746785122223
2017,animation,6.310526315789473,57,6.5238692900717465
2017,biography,6.607692307692307,91,6.729280009881937
2017,crime,6.1693693693693685,222,6.147572977306353
2017,family,6.160869565217392,69,6.197286902088862
2017,fantasy,5.977205882352941,136,5.8720400220694335
2017,history,6.588888888888889,72,6.659537969592416
2017,horror,5.112775330396476,227,5.017191950504228
2017,mystery,5.8568750000000005,160,5.834343182488307
2017,romance,6.113304721030043,233,6.179580196413504
2017,scifi,5.444274809160306,131,5.46876407600757
2017,sports,6.561538461538461,26,6.566449721293199
2017,thriller,5.718085106382978,470,5.720474956757437
2017,war,6.472881355932203,59,6.479760976954078
2018,action,5.862783171521035,309,5.817283741600482
2018,adventure,6.052941176470588,153,5.970415312387144
2018,animation,6.6684210526315795,57,6.536784269828833
2018,biography,6.675961538461538,104,6.720472317574244
2018,crime,6.100467289719626,214,6.115644577326782
2018,family,6.236,75,6.2019516908212555
2018,fantasy,6.04516129032258,124,5.906786565848236
2018,history,6.55,90,6.605400038557933
2018,horror,5.187763713080169,237,5.059500790681237
2018,mystery,5.740298507462686,201,5.7769483385262985
2018,romance,6.254166666666667,216,6.176174846619265
2018,scifi,5.66159420289855,138,5.471363290419056
2018,sports,6.65,32,6.5538410256410256
2018,thriller,5.6813704496788,467,5.697085181146979
2018,war,6.316666666666667,54,6.423927643620745
2019,action,5.862145110410094,317,5.827789686759424
2019,adventure,6.111538461538461,156,5.993632095603926
2019,animation,6.668181818181819,66,6.54505477980666
2019,biography,6.677333333333333,75,6.705056631299735
2019,crime,6.078813559322033,236,6.108707289191187
2019,family,6.273958333333333,96,6.231346532091097
2019,fantasy,6.1384,125,5.9681029294845995
2019,history,6.419178082191781,73,6.549586532189272
2019,horror,5.088034188034188,234,5.076904582602795
2019,mystery,5.714136125654451,191,5.764537468419093
2019,romance,6.221495327102804,214,6.198360704492656
2019,scifi,5.648305084745763,118,5.510488593082494
2019,sports,6.23,30,6.528641025641025
2019,thriller,5.711930585683297,461,5.699004977040114
2019,war,6.310344827586207,58,6.3413454463472885
2020,action,5.571957671957671,189,5.7901189643416195
2020,adventure,5.841584158415841,101,5.955892589258926
2020,animation,6.6255319148936165,47,6.566895856662934
2020,biography,6.393333333333333,45,6.632473297966401
2020,crime,5.85037037037037,135,6.06740411775628
2020,family,5.915942028985507,69,6.175068271221532
2020,fantasy,5.947619047619048,105,5.980404516786186
2020,history,6.4425,40,6.513959548062287
2020,horror,5.074871794871795,195,5.086924813136788
2020,mystery,5.763358778625954,131,5.77059157708546
2020,romance,6.1762500000000005,160,6.195174490500887
2020,scifi,5.348936170212766,94,5.481130527979748
2020,sports,5.995238095238095,21,6.400688644688645
2020,thriller,5.488679245283019,318,5.665013077405619
2020,war,6.353125,32,6.360414890791732
2021,action,5.883650190114069,263,5.812303547818979
2021,adventure,6.293220338983051,118,6.035935258454137
2021,animation,6.584745762711864,59,6.57148137284167
2021,biography,6.7272727272727275,55,6.616318648018646
2021,crime,6.10360824742268,194,6.060525767240816
2021,family,6.006451612903225,62,6.118644308087891
2021,fantasy,6.173214285714286,112,6.056320101201771
2021,history,6.275555555555555,45,6.455224505327244
2021,horror,5.193048128342246,187,5.131298630944974
2021,mystery,5.6878787878787875,132,5.752509439924376
2021,romance,6.240993788819876,161,6.201242100723879
2021,scifi,5.722222222222222,108,5.565066497847921
2021,sports,6.333333333333333,27,6.3540219780219775
2021,thriller,5.654450261780105,382,5.65090312976164
2021,war,5.766666666666667,24,6.243936903370349
2022,action,6.018478260869565,276,5.839802880974487
2022,adventure,6.185046728971963,107,6.096866172875981
2022,animation,6.454545454545454,44,6.600285200592866
2022,biography,6.948484848484849,33,6.684477156177157
2022,crime,6.457055214723926,163,6.118062936311727
2022,family,6.361176470588235,85,6.15870568916206
2022,fantasy,6.1000000000000005,73,6.0808789247311825
2022,history,6.843333333333334,30,6.5061133942161335
2022,horror,5.403973509933775,151,5.189538266852435
2022,mystery,6.201754385964913,114,5.821485317117358
2022,romance,6.332558139534884,215,6.2450927844248465
2022,scifi,5.780952380952381,63,5.632402012206336
2022,sports,6.533333333333334,24,6.3483809523809525
2022,thriller,6.0385,400,5.714986108485045
2022,war,6.385,20,6.2263606321839085
2023,action,6.747619047619047,21,6.016770056194089
2023,adventure,6.3,7,6.146277937581862
2023,animation,6.966666666666666,3,6.659934323399884
2023,biography,6.5,4,6.649284848484848
2023,crime,7.140000000000001,10,6.325969478367802
2023,family,6.7,4,6.251505689162061
2023,fantasy,6.65,2,6.2018466666666665
2023,history,7.08,5,6.612113394216133
2023,horror,6.7,7,5.491985524236401
2023,mystery,6.366666666666667,6,5.946758948958154
2023,romance,6.638461538461538,13,6.32195175878382
2023,scifi,6.783333333333334,6,5.856749838293293
2023,sports,7.033333333333334,3,6.42504761904762
2023,thriller,7.109090909090909,22,6.000530200367466
